batch_id,final_titer,purity,aggregation,glycosylation_metric,yield
B001,4.60176,96.25607,1.74484,35.19807,83.86168
B002,5.73531,97.0715,2.08209,34.12741,81.95463
B003,4.17362,96.58242,1.76913,34.6818,81.81962
B004,4.79976,97.61809,1.97757,34.60876,82.51858
B005,5.3726,97.25295,2.05712,35.92418,82.49401
B006,4.80827,97.35473,2.44641,33.4033,83.02519
B007,4.80213,97.24062,2.22105,36.85129,78.04544
B008,5.71227,97.48854,2.47691,33.76371,81.83002
B009,5.11749,96.83806,2.29763,35.12851,80.43584
B010,4.58724,96.76999,2.36739,33.71302,81.89511
B011,5.39757,96.67223,2.12432,37.91938,81.29607
B012,4.63868,97.46093,1.8957,37.3566,83.90845
B013,5.29401,97.15925,1.85294,34.12376,83.9136
B014,5.06769,96.6861,2.955,31.90931,75.42453
B015,4.71016,96.96244,1.93149,35.86326,80.87254
B016,5.16342,96.7255,2.17147,33.8641,80.92352
B017,4.83269,96.32966,2.25639,33.07427,81.50538
B018,4.46208,97.3499,2.31085,36.37147,84.71959
B019,4.84547,96.58114,2.30781,37.86757,82.94408
B020,5.66927,96.75504,2.08285,34.44339,82.56935
B021,5.10878,96.71384,2.22555,35.99222,85.2817
B022,5.2442,96.6537,1.93998,33.1657,80.62431
B023,5.86152,97.16172,2.15667,35.81801,80.66597
B024,5.05849,97.17349,2.44453,33.52293,83.35298
B025,5.29793,97.18111,1.80429,32.41552,82.9605
B026,6.26705,96.51318,1.46011,34.64931,84.98499
B027,3.2885,96.39571,2.9759,36.63234,77.18661
B028,4.63658,96.9444,2.12972,36.66659,84.22371
B029,5.4927,97.13178,2.05986,37.27968,84.62698
B030,4.29885,96.4344,1.95751,36.66782,82.88005
B031,5.35235,97.18461,2.24746,33.73551,84.56587
B032,5.5983,96.94912,2.08066,34.85711,84.2628
B033,4.30612,97.2416,1.75892,34.15458,84.22388
B034,4.92976,97.3465,2.45265,39.43737,82.94529
B035,5.80776,96.5255,1.86439,34.61349,80.93375
B036,4.11166,97.10271,2.42653,34.4417,78.36488
B037,4.90027,96.54393,1.96068,35.03702,83.36682
B038,4.29917,96.65426,2.22308,33.35988,81.74746
B039,4.37798,97.51829,1.99064,34.28972,80.66735
B040,5.01437,96.7356,1.80698,33.84957,80.70371
B041,5.41348,97.32619,2.18699,37.63825,79.33405
B042,4.47118,97.02708,1.76316,37.19193,79.99727
B043,5.21194,97.05705,1.99508,35.6457,80.01607
B044,5.25114,96.70615,2.28108,35.97341,79.14914
B045,4.8625,97.19956,2.33964,36.50933,80.70585
B046,4.60084,97.01127,1.65349,36.50814,84.91739
B047,5.96824,96.91531,2.24966,37.20367,81.69958
B048,3.50984,95.17873,3.07506,36.09346,75.70253
B049,5.15977,97.60877,1.70291,37.61364,82.45046
B050,5.11115,97.0184,2.488,34.91478,84.05887
B051,5.19203,97.29346,1.79557,32.12424,80.86546
B052,4.86661,96.97559,2.20463,36.50252,80.35236
B053,5.39101,97.51269,2.43454,35.14513,83.63236
B054,4.73867,96.97956,1.65716,35.16675,81.77323
B055,5.46254,96.66697,1.63775,33.76729,82.36077
B056,5.42708,97.26015,2.26163,40.27496,80.71608
B057,4.79632,97.04102,1.77859,32.60833,84.39067
B058,4.76479,97.03277,1.74375,34.67098,83.19998
B059,5.65543,96.60722,2.59679,36.17274,82.44159
B060,4.44059,97.5953,2.21832,34.68515,82.66411
