batch_id,time_hr,viable_cell_density,viability,glucose,lactate,ammonia,product_titer
B001,0,1.18195,98.30018,5.45257,0.50162,0.16558,0.0
B001,24,1.46763,97.99328,5.09653,0.52172,0.31862,0.03559
B001,48,2.54573,98.187,5.94526,0.92414,0.42513,0.091
B001,72,4.47073,97.92606,6.01405,1.36402,0.52497,0.18677
B001,96,7.5943,98.21292,5.6869,1.32467,0.52618,0.3548
B001,120,11.3054,97.7951,5.18283,2.17031,0.72063,0.62501
B001,144,14.69255,97.67021,4.78306,2.10966,0.79832,0.99902
B001,168,16.93197,97.23667,4.49045,2.5388,0.75136,1.45004
B001,192,18.42279,96.22565,3.97961,2.1854,0.9609,1.94122
B001,216,18.82063,94.91994,4.02153,1.81109,1.06312,2.44713
B001,240,18.99608,94.0151,3.35266,1.50525,1.18101,2.95774
B001,264,17.13829,93.21319,2.68139,1.14504,1.14341,3.44194
B001,288,15.29587,91.84697,3.00002,0.61113,1.38437,3.87331
B001,312,13.57452,90.89271,2.10487,0.30714,1.52106,4.25899
B001,336,12.29979,89.44224,2.02945,0.5647,1.60339,4.60176
B002,0,1.24563,97.85131,5.75516,0.63302,0.17764,0.0
B002,24,1.58663,98.71407,5.3441,0.69881,0.2851,0.0381
B002,48,2.87565,98.49987,5.82064,0.76567,0.43427,0.10122
B002,72,4.98544,98.03345,5.52422,1.18922,0.52823,0.21552
B002,96,9.45075,98.10209,5.72921,1.75457,0.50456,0.42182
B002,120,14.193,98.02415,5.32369,2.299,0.65366,0.75653
B002,144,18.49983,98.00458,4.66842,2.58002,0.7633,1.22392
B002,168,21.33534,96.89156,4.49208,2.47764,0.89023,1.78711
B002,192,22.74525,96.50828,3.96324,2.2605,1.04187,2.40043
B002,216,23.27126,95.16784,3.73831,1.96357,1.09659,3.03573
B002,240,23.6196,93.82236,2.99392,1.56545,1.23006,3.67653
B002,264,21.35696,92.61877,2.61656,0.8697,1.31204,4.2821
B002,288,19.3285,91.5975,2.84034,0.83564,1.34629,4.82332
B002,312,17.23034,90.72237,2.34708,0.51757,1.50425,5.30503
B002,336,15.83899,89.17889,2.02454,0.33305,1.47535,5.73531
B003,0,0.92786,97.85855,5.60336,0.69554,0.23128,0.0
B003,24,1.37876,97.77348,5.18894,0.59303,0.22241,0.03165
B003,48,2.11412,97.15712,6.1511,0.84808,0.425,0.08125
B003,72,4.09062,98.35824,5.76405,1.30733,0.39749,0.16785
B003,96,6.86814,97.87393,5.28564,1.77332,0.57092,0.31983
B003,120,10.42256,97.83021,4.91697,2.3308,0.70339,0.56345
B003,144,13.37831,98.22214,4.7504,2.65473,0.7504,0.90335
B003,168,15.47047,97.48969,4.45746,2.62615,0.87421,1.31324
B003,192,16.33862,96.20478,4.21324,2.34088,1.01032,1.75879
B003,216,16.92562,95.25048,3.83167,1.77686,1.01022,2.2188
B003,240,17.56812,93.39963,3.28977,1.45455,1.12919,2.68184
B003,264,15.25006,92.71318,2.8076,0.78407,1.25687,3.12094
B003,288,13.99005,91.32461,2.35616,0.7402,1.34316,3.51245
B003,312,12.51507,90.8466,2.37055,0.71492,1.4431,3.86228
B003,336,11.46947,88.74433,2.04726,0.39484,1.62314,4.17362
B004,0,0.61349,98.49175,5.3492,0.84489,0.14012,0.0
B004,24,1.46818,97.36713,5.15489,0.73154,0.32484,0.03013
B004,48,2.45908,98.27006,6.34436,0.9115,0.38918,0.08119
B004,72,4.43519,98.43383,5.87513,1.41223,0.4389,0.17534
B004,96,7.62714,98.19104,5.59466,1.58166,0.62616,0.34618
B004,120,12.10538,98.16655,5.01152,2.32701,0.67462,0.62521
B004,144,15.64273,97.48876,4.82964,2.58421,0.84755,1.01478
B004,168,17.64555,97.63198,4.41177,2.42887,0.94847,1.48679
B004,192,19.04738,96.4984,3.89088,2.49343,1.02504,2.00282
B004,216,19.70583,95.49598,3.52727,1.88471,1.10443,2.53516
B004,240,19.80568,93.75391,2.93077,1.38132,1.25723,3.07207
B004,264,17.73688,93.64415,2.55996,0.92461,1.29948,3.57831
B004,288,16.17909,92.33751,2.67284,0.8718,1.37312,4.03335
B004,312,14.41763,91.60375,2.57633,0.57326,1.41119,4.43871
B004,336,13.04831,88.67664,2.31065,0.56391,1.65898,4.79976
B005,0,1.02947,98.08421,6.04039,0.37149,0.26611,0.0
B005,24,1.66002,97.97638,5.28142,0.49798,0.293,0.03684
B005,48,3.01542,98.32778,5.80422,1.08808,0.4096,0.0969
B005,72,5.32563,97.89386,6.0838,1.14434,0.51642,0.20488
B005,96,8.64428,98.94391,5.27153,1.88473,0.66783,0.39828
B005,120,13.48763,97.74762,4.87133,2.21811,0.78273,0.71186
B005,144,17.30947,98.16077,5.12103,2.24416,0.74744,1.1488
B005,168,20.00067,96.85362,4.60638,2.69287,0.84883,1.67569
B005,192,21.23678,96.54663,3.97566,2.31347,0.99954,2.25029
B005,216,21.83581,95.53388,3.62075,1.94629,0.99013,2.84455
B005,240,21.98765,94.14412,2.99786,1.64694,1.18012,3.44302
B005,264,19.83417,92.50859,2.87308,0.97947,1.28654,4.01108
B005,288,18.20168,91.52126,2.73515,0.55254,1.28589,4.51654
B005,312,16.29004,90.59397,2.35036,0.60846,1.43409,4.96943
B005,336,14.84633,89.97362,2.40638,0.47405,1.61335,5.3726
B006,0,0.92188,99.13812,5.22329,0.56331,0.22504,0.0
B006,24,1.42056,97.73081,5.1366,0.50407,0.33939,0.03111
B006,48,2.5493,99.11988,5.53135,0.68692,0.34408,0.08305
B006,72,4.37836,97.88719,5.99099,1.21478,0.51055,0.17822
B006,96,7.93278,97.92047,5.42288,1.78369,0.58589,0.35014
B006,120,11.85778,98.12122,5.36375,2.40537,0.7036,0.63002
B006,144,15.25883,98.37102,4.95666,2.33997,0.75176,1.02255
B006,168,17.97606,97.62619,4.66565,2.57042,0.96973,1.49583
B006,192,18.87272,96.26004,4.04515,2.42819,0.85787,2.01024
B006,216,19.35656,94.89824,3.62185,1.89021,1.12805,2.54274
B006,240,19.83553,93.80008,3.504,1.28773,1.17224,3.08072
B006,264,18.15082,93.20568,2.94859,0.80004,1.22122,3.58812
B006,288,16.16964,92.18317,2.54536,0.56743,1.30388,4.04265
B006,312,14.43716,90.81702,2.38559,0.62398,1.57146,4.4473
B006,336,13.5577,89.60488,1.90273,0.453,1.50649,4.80827
B007,0,0.85208,98.30327,5.52402,0.1793,0.16614,0.0
B007,24,1.31792,98.02364,5.28066,0.5533,0.3111,0.03659
B007,48,2.54425,98.70382,5.6359,0.86377,0.26079,0.09374
B007,72,4.39342,97.80859,5.95304,1.27618,0.44679,0.19297
B007,96,7.95966,97.47693,5.69665,1.80752,0.56451,0.36756
B007,120,11.92516,97.63317,5.01915,2.55153,0.66613,0.64888
B007,144,15.35364,98.03652,4.75392,2.60876,0.87752,1.03952
B007,168,17.9004,96.7675,4.65471,2.67141,0.83117,1.5097
B007,192,18.81025,96.01553,4.34735,2.49971,0.89687,2.0216
B007,216,19.38327,95.74769,3.24151,1.92827,1.08707,2.55182
B007,240,19.95084,93.50737,3.15672,1.39052,1.22772,3.0847
B007,264,17.5651,93.09588,2.65487,1.00894,1.36759,3.58933
B007,288,16.10728,92.18798,2.36559,0.44546,1.36345,4.0402
B007,312,14.44335,90.85388,2.25545,0.50074,1.42408,4.44353
B007,336,13.17923,89.75739,2.4475,0.36775,1.60382,4.80213
B008,0,1.21158,98.40431,5.61784,0.23247,0.25673,0.0
B008,24,1.8872,98.34715,5.27067,0.64996,0.30793,0.03939
B008,48,2.95136,97.64697,5.66748,0.68134,0.42126,0.1034
B008,72,5.40491,98.31544,5.8305,1.35937,0.4424,0.21828
B008,96,9.32274,98.12995,5.42127,1.6938,0.63989,0.42489
B008,120,14.28846,98.31408,5.36625,2.29182,0.69708,0.75924
B008,144,18.48519,98.20928,4.46375,2.46917,0.67707,1.22294
B008,168,21.23538,96.58715,4.36457,2.74025,0.92565,1.78361
B008,192,22.46682,95.86227,4.0167,2.34178,1.03424,2.39373
B008,216,23.38565,94.85396,3.8311,1.90966,1.06101,3.02358
B008,240,23.59356,94.06937,3.39388,1.28757,1.18273,3.66014
B008,264,21.37747,93.06212,3.05149,1.22144,1.2717,4.26325
B008,288,19.314,91.49387,2.74922,0.7144,1.3174,4.80289
B008,312,17.52077,91.10531,2.25569,0.65367,1.40357,5.28282
B008,336,15.56421,90.1704,2.13153,0.41675,1.54063,5.71227
B009,0,0.85533,98.17501,5.97383,0.51051,0.17198,0.0
B009,24,1.49548,97.842,5.34235,0.82809,0.36845,0.03202
B009,48,2.26776,97.91736,5.69222,0.6178,0.34785,0.0863
B009,72,4.72738,98.07238,5.58835,1.4851,0.56657,0.18655
B009,96,8.36864,97.61353,5.90977,1.52901,0.53615,0.36878
B009,120,12.83611,98.09005,5.33277,2.41777,0.70955,0.66659
B009,144,16.33444,97.59861,4.69593,2.43289,0.75366,1.08294
B009,168,18.92263,97.49534,4.0155,2.69962,0.86482,1.58598
B009,192,19.91364,96.53579,4.34102,2.70608,0.97119,2.13448
B009,216,20.96053,94.49544,3.50709,1.59233,1.03129,2.70148
B009,240,21.06271,94.08867,3.50445,1.1972,1.16098,3.27309
B009,264,19.31568,92.74883,3.0445,1.31446,1.37821,3.81605
B009,288,17.59539,91.25224,2.75936,0.6935,1.33211,4.30102
B009,312,15.56054,91.04225,2.49908,0.29885,1.47918,4.73275
B009,336,13.98451,89.59145,2.19593,0.33851,1.61899,5.11749
B010,0,0.98481,97.82497,5.56915,0.63722,0.25313,0.0
B010,24,1.41146,97.76593,5.00997,0.58311,0.31735,0.03736
B010,48,2.57473,98.73252,5.89275,0.81145,0.37099,0.09414
B010,72,4.81787,98.2383,5.58393,1.04092,0.54563,0.19098
B010,96,7.60432,97.4526,5.73382,1.78811,0.59751,0.35958
B010,120,11.35325,97.87725,5.14744,2.0303,0.76146,0.62921
B010,144,14.97973,97.68067,4.92638,2.39583,0.75336,1.00201
B010,168,16.72349,97.88403,4.38695,2.51976,0.87462,1.45047
B010,192,18.04088,95.96847,4.3404,2.24266,1.00157,1.9396
B010,216,18.33072,95.23727,3.41368,2.05635,1.02771,2.44417
B010,240,18.55726,93.64195,3.54613,1.50112,1.15459,2.95276
B010,264,17.41809,92.40834,3.07276,0.72909,1.22687,3.4338
B010,288,15.37981,91.20814,2.46875,0.97718,1.36202,3.86249
B010,312,14.00194,90.73607,2.64556,0.58703,1.50668,4.24538
B010,336,12.58829,89.43912,2.04437,0.20521,1.56092,4.58724
B011,0,1.08971,98.41971,5.4182,0.76619,0.16942,0.0
B011,24,1.4279,98.05958,5.07377,0.58886,0.22553,0.0309
B011,48,2.62191,98.48976,6.0364,0.72256,0.30773,0.08556
B011,72,5.0723,98.38441,5.12806,1.05399,0.51872,0.18894
B011,96,8.83075,98.18612,5.51968,1.75703,0.59036,0.37948
B011,120,13.41197,97.49537,5.1064,2.22975,0.74317,0.69275
B011,144,17.75154,97.7946,4.99786,2.41941,0.78587,1.13203
B011,168,20.25506,97.2822,4.62454,2.38691,0.85188,1.66303
B011,192,21.273,96.49802,4.07049,2.33025,0.88167,2.2418
B011,216,21.88431,95.34645,3.69559,1.84911,1.11012,2.84252
B011,240,22.46412,94.12247,3.06973,1.18494,1.19381,3.44666
B011,264,20.31904,93.10785,2.78874,0.89172,1.31086,4.02064
B011,288,18.28998,91.95856,2.5918,0.53951,1.33142,4.53345
B011,312,16.56078,90.32009,2.31928,0.37335,1.38733,4.99106
B011,336,14.71448,89.74954,2.30167,0.59391,1.45888,5.39757
B012,0,0.81757,97.63351,5.73393,0.49401,0.18381,0.0
B012,24,1.62411,97.48434,5.32266,0.64704,0.32368,0.0351
B012,48,2.80449,97.49847,5.9055,0.74071,0.368,0.09001
B012,72,4.40061,98.23048,5.67564,1.2218,0.53598,0.18594
B012,96,7.62903,98.09921,5.37298,1.81602,0.66832,0.35469
B012,120,11.69707,98.16433,5.50471,2.27282,0.66244,0.62617
B012,144,14.95272,98.06097,4.88549,2.6144,0.70155,1.00333
B012,168,16.95918,96.92222,4.65023,2.49609,0.78949,1.45764
B012,192,18.32482,96.33949,4.20732,2.39302,0.99115,1.95231
B012,216,19.10246,95.0117,3.5358,2.00594,1.10868,2.46281
B012,240,18.95469,93.81314,3.37329,1.2641,1.23866,2.97803
B012,264,17.36879,93.32238,3.18374,1.03667,1.21287,3.46751
B012,288,15.37096,91.9513,2.86273,0.70688,1.34405,3.9034
B012,312,13.98985,90.3075,2.40717,0.49377,1.37709,4.29217
B012,336,12.51798,89.46277,2.0635,0.53157,1.5256,4.63868
B013,0,1.01587,98.20362,5.17401,0.37998,0.11746,0.0
B013,24,1.5721,97.91673,5.24165,0.84194,0.3225,0.03594
B013,48,2.89743,97.86585,5.82242,0.7019,0.35424,0.09496
B013,72,4.93963,97.97179,5.1483,1.19837,0.49305,0.20095
B013,96,8.73812,97.19545,5.43578,1.37934,0.48307,0.39119
B013,120,13.36425,98.14662,5.08249,2.16093,0.6568,0.69959
B013,144,17.30734,98.29468,4.69655,2.37273,0.7631,1.12939
B013,168,19.56375,96.53328,4.42155,2.43131,0.81796,1.64894
B013,192,20.86518,96.15031,4.05236,2.56323,0.94585,2.2146
B013,216,21.33805,94.01654,3.56154,1.78684,1.1425,2.80061
B013,240,21.39911,94.54292,3.14539,1.48988,1.2535,3.39029
B013,264,19.66703,93.03475,2.89511,1.17364,1.19947,3.94883
B013,288,17.78484,92.00006,2.53512,0.52591,1.35859,4.4495
B013,312,16.27365,91.28119,2.09508,0.43675,1.48438,4.89608
B013,336,14.58284,89.2335,1.69398,0.30143,1.66452,5.29401
B014,0,1.06366,97.78747,5.39447,0.7258,0.17594,0.0
B014,24,1.47212,98.1395,5.05046,0.70249,0.29997,0.03852
B014,48,3.25314,97.47757,5.66368,0.84557,0.38803,0.10378
B014,72,5.515,97.9935,5.55246,1.02677,0.41655,0.22403
B014,96,10.15054,96.91174,5.41792,1.56251,0.63623,0.43801
B014,120,14.51935,94.92708,4.78276,2.93779,0.7092,0.76416
B014,144,16.9177,93.26655,4.43049,3.60124,0.7433,1.15708
B014,168,18.28977,88.12792,3.80721,4.60433,0.8541,1.55065
B014,192,19.46945,87.52711,3.33272,4.3389,0.89785,1.93757
B014,216,21.24324,88.67446,3.43488,3.3714,1.14514,2.38088
B014,240,23.60065,91.62504,2.78495,2.09686,1.19165,2.92467
B014,264,22.64038,91.87909,2.91824,1.29587,1.24613,3.51812
B014,288,20.70919,91.40986,2.35445,0.64716,1.35913,4.08652
B014,312,18.89445,90.02517,2.53669,0.69502,1.49941,4.60465
B014,336,16.83819,90.38139,1.531,0.38317,1.52094,5.06769
B015,0,1.11793,97.68342,5.59604,0.722,0.20347,0.0
B015,24,1.73391,97.9925,5.25754,0.69254,0.34792,0.03715
B015,48,2.63591,98.36999,6.02526,0.85618,0.47998,0.0943
B015,72,4.61518,98.41613,5.69723,1.26364,0.4652,0.19307
B015,96,7.98564,97.96036,5.71763,1.54119,0.68026,0.3659
B015,120,11.76824,97.81484,5.05783,2.0605,0.68012,0.64235
B015,144,15.2114,98.11062,4.51631,2.518,0.86473,1.02529
B015,168,17.69329,97.23558,4.62631,2.58843,0.85241,1.48632
B015,192,18.5647,95.64711,4.39486,2.12557,0.9316,1.98848
B015,216,19.19478,95.87461,4.04319,1.69406,1.06489,2.50655
B015,240,19.37242,94.21695,3.08459,1.36714,1.17216,3.0284
B015,264,17.41212,92.65152,2.68288,0.89261,1.33925,3.52429
B015,288,15.56797,91.81794,2.25515,0.70097,1.40571,3.96502
B015,312,13.99906,90.85821,2.54078,0.2589,1.46086,4.35957
B015,336,12.77679,89.67012,2.18532,0.27887,1.52914,4.71016
B016,0,0.96918,96.78971,5.45792,0.64112,0.12105,0.0
B016,24,1.3641,97.98055,5.0334,0.42374,0.27575,0.0383
B016,48,2.96873,97.59594,6.05219,1.09685,0.4464,0.09875
B016,72,4.96942,98.30562,5.63637,1.07446,0.44279,0.20492
B016,96,8.52586,97.58172,5.39541,1.55372,0.57947,0.39312
B016,120,13.00554,97.8704,5.27906,2.14026,0.69638,0.69552
B016,144,16.64288,98.18177,5.00147,2.40018,0.72189,1.11609
B016,168,19.13946,96.28164,4.35371,2.545,0.94841,1.62176
B016,192,20.4466,95.38119,4.11268,2.33392,0.96297,2.17158
B016,216,20.80032,94.84559,3.26687,1.91305,1.02714,2.7404
B016,240,21.25238,93.79451,3.37479,1.44215,1.1499,3.31343
B016,264,19.1786,92.15754,2.76559,1.12004,1.17389,3.85839
B016,288,17.23378,91.8803,2.50272,0.72001,1.35548,4.34442
B016,312,15.41692,89.79666,2.55446,0.26629,1.43062,4.77723
B016,336,14.08913,89.58158,1.8011,0.42735,1.49545,5.16342
B017,0,0.94928,97.81482,5.15919,0.47413,0.15943,0.0
B017,24,1.48815,98.75306,5.28389,0.51923,0.22883,0.03197
B017,48,2.53319,97.74069,6.06977,0.71458,0.40765,0.08491
B017,72,4.48198,98.22632,5.71822,1.00088,0.48678,0.1811
B017,96,7.80671,97.76144,5.33686,1.65274,0.62459,0.35466
B017,120,12.13653,98.25989,5.33845,2.44639,0.69659,0.63656
B017,144,15.9004,98.16995,4.63198,2.41765,0.71979,1.03077
B017,168,17.87855,96.47539,4.57425,2.55853,0.87537,1.50631
B017,192,19.37757,95.95018,3.79929,2.44716,1.01191,2.02376
B017,216,19.91474,94.97185,3.42162,2.02853,0.95694,2.55818
B017,240,19.79392,93.89844,3.25387,1.30141,1.12457,3.09772
B017,264,18.32582,92.3737,2.90999,1.06484,1.32273,3.60805
B017,288,16.27589,91.53728,2.72771,0.73105,1.34106,4.0638
B017,312,14.81446,90.25529,2.49927,0.46292,1.43544,4.47059
B017,336,13.30832,89.72385,2.46274,0.43647,1.51512,4.83269
B018,0,0.91656,98.16646,5.39934,0.43098,0.16186,0.0
B018,24,1.57046,98.36995,5.05117,0.6677,0.30636,0.0343
B018,48,2.1543,97.76784,6.52797,0.82207,0.38221,0.08754
B018,72,4.21147,98.40943,5.72206,1.07178,0.54521,0.18002
B018,96,7.59318,98.82711,5.383,1.58008,0.55755,0.34322
B018,120,11.32634,97.9122,4.92987,2.22939,0.53698,0.60478
B018,144,14.08904,98.39892,4.98169,2.22457,0.82998,0.96815
B018,168,16.60158,97.21618,4.28943,2.51961,0.9128,1.4052
B018,192,17.60733,95.99616,4.11948,2.16269,0.8743,1.88195
B018,216,18.17767,95.80998,3.685,2.03641,1.05317,2.37207
B018,240,18.09221,94.51075,3.28417,1.3544,1.09956,2.86833
B018,264,16.45532,92.72945,3.07282,0.98413,1.28303,3.33694
B018,288,14.88271,91.41769,2.65435,0.65893,1.3106,3.75534
B018,312,13.56573,90.80792,2.10138,0.45494,1.3822,4.12924
B018,336,12.53342,89.81298,2.25959,0.51597,1.4784,4.46208
B019,0,1.04404,98.68395,5.79975,0.4564,0.14365,0.0
B019,24,1.43792,98.16328,5.1093,0.49714,0.28711,0.03383
B019,48,2.58649,98.59839,5.83907,0.69401,0.29433,0.08863
B019,72,4.449,98.08248,5.55815,1.13116,0.55253,0.18685
B019,96,7.9765,98.46196,5.54869,1.71527,0.62225,0.36194
B019,120,12.14614,98.03652,5.28537,2.46126,0.67546,0.64467
B019,144,15.43999,97.98571,4.80875,2.41219,0.74121,1.03976
B019,168,17.78592,97.24098,4.31647,2.49801,0.87689,1.51488
B019,192,18.87894,95.97538,3.80434,2.3248,0.98343,2.03279
B019,216,19.69492,95.15818,3.52726,1.79603,1.04317,2.56743
B019,240,19.77379,94.08078,3.20795,1.31807,1.17208,3.10782
B019,264,17.97721,92.73503,3.0497,1.09672,1.27595,3.61911
B019,288,16.22447,91.65093,2.94783,0.24983,1.35273,4.07543
B019,312,14.28097,90.42469,2.17798,0.63088,1.28675,4.48337
B019,336,13.23309,89.42323,1.83641,0.66029,1.52718,4.84547
B020,0,0.85497,97.73988,5.39866,0.62121,0.27073,0.0
B020,24,1.65666,97.54985,5.113,0.59842,0.21742,0.03325
B020,48,2.91778,98.3254,6.12819,1.01595,0.43518,0.09143
B020,72,5.48127,98.39381,5.80943,1.64859,0.48389,0.2009
B020,96,9.27295,98.23768,5.38649,1.61011,0.55818,0.40214
B020,120,14.27563,97.41076,5.23485,2.15873,0.70435,0.73109
B020,144,18.27628,98.07278,4.69785,2.61559,0.82453,1.19252
B020,168,20.98746,97.05957,4.65547,2.78751,0.79943,1.74983
B020,192,22.61671,95.10514,3.8306,2.33212,1.0309,2.35881
B020,216,23.33929,95.46366,3.45226,1.9836,1.00532,2.98963
B020,240,23.37638,93.62241,3.34369,1.55737,1.15985,3.62434
B020,264,21.26362,92.67338,3.33087,1.05073,1.29425,4.225
B020,288,19.30604,91.37645,2.58797,0.53509,1.33307,4.76278
B020,312,17.09099,90.38977,2.59932,0.50563,1.39556,5.24257
B020,336,15.63494,90.27872,1.93418,0.45194,1.59461,5.66927
B021,0,1.32411,98.68008,5.69798,0.45728,0.23591,0.0
B021,24,1.45018,97.30578,5.07043,0.78714,0.38034,0.03707
B021,48,2.42126,97.67363,6.05514,1.00799,0.38342,0.09611
B021,72,4.91317,97.64461,6.05292,1.59018,0.52652,0.20032
B021,96,8.47112,97.56808,5.70142,1.61395,0.61869,0.38469
B021,120,12.66002,98.27562,5.24196,2.02435,0.59837,0.68274
B021,144,16.54887,98.42028,4.60401,2.54413,0.79551,1.09857
B021,168,18.89981,97.88317,4.57603,2.52876,0.93278,1.59953
B021,192,20.01798,95.93001,3.79282,2.15605,0.97961,2.14406
B021,216,20.5151,94.4867,3.69627,2.04659,1.10229,2.70707
B021,240,20.84482,94.30538,3.23309,1.42709,1.21285,3.27506
B021,264,18.96625,93.41902,3.0299,0.92302,1.32226,3.81434
B021,288,16.98872,92.02784,2.95883,0.8164,1.35467,4.29676
B021,312,15.40843,90.31414,2.39148,0.43492,1.49173,4.7258
B021,336,13.92684,89.79513,2.19134,0.45149,1.53307,5.10878
B022,0,0.88714,98.22876,5.58364,0.19,0.194,0.0
B022,24,1.43223,97.51673,5.39113,0.67126,0.18098,0.03421
B022,48,2.60624,97.79412,6.07151,0.91698,0.36594,0.09124
B022,72,4.93072,97.68344,6.0988,1.16981,0.45347,0.19514
B022,96,8.76094,97.63541,5.04295,1.92601,0.55837,0.38259
B022,120,13.15498,97.87956,5.00242,2.40795,0.6252,0.68818
B022,144,17.1126,97.86389,4.48381,2.58028,0.75738,1.11449
B022,168,19.39112,97.66766,4.87085,2.63493,0.84814,1.63014
B022,192,20.59011,96.13014,4.14105,2.41129,1.01874,2.19302
B022,216,21.37071,95.21391,3.81065,1.97323,1.04334,2.77511
B022,240,21.42904,93.28936,3.18003,1.51409,1.14642,3.35911
B022,264,19.48588,92.76724,2.68085,0.77806,1.2729,3.91288
B022,288,17.59648,91.4969,2.95852,0.84659,1.40114,4.40768
B022,312,16.00443,91.32869,2.41049,0.10561,1.45781,4.8493
B022,336,14.24331,89.96041,2.32799,0.34476,1.62795,5.2442
B023,0,1.19424,98.44501,5.52692,0.54721,0.20109,0.0
B023,24,1.79185,97.73012,5.38073,0.17528,0.36604,0.04094
B023,48,3.17497,97.9283,6.20392,0.95345,0.48466,0.10718
B023,72,5.85863,97.49882,5.90376,1.30667,0.44807,0.22554
B023,96,9.40538,97.94975,5.63794,1.82128,0.65012,0.43728
B023,120,14.59968,97.98406,5.35266,2.2439,0.69437,0.77948
B023,144,19.04793,98.31882,5.34845,2.78127,0.82411,1.2563
B023,168,21.97057,97.03987,4.11639,2.65359,0.77519,1.83105
B023,192,23.14745,96.72916,4.38247,2.11415,0.98607,2.45649
B023,216,23.74592,94.63497,3.71553,1.90526,1.07939,3.10251
B023,240,24.06858,93.85277,3.18364,1.35779,1.21931,3.7563
B023,264,21.87774,93.92344,2.95885,1.02549,1.23472,4.37722
B023,288,19.77716,91.09926,2.71028,0.79376,1.31678,4.92961
B023,312,17.82239,91.54041,2.38897,0.78529,1.44885,5.42249
B023,336,16.00885,89.69791,2.34346,0.3578,1.60225,5.86152
B024,0,1.19853,97.80446,5.46996,0.1904,0.16154,0.0
B024,24,1.82969,98.24596,5.49017,0.66281,0.31379,0.03971
B024,48,2.62999,97.63496,5.7864,0.95561,0.40543,0.10104
B024,72,4.93358,98.04659,5.82148,1.23991,0.44801,0.20629
B024,96,8.44592,97.67111,5.72662,1.71167,0.59109,0.39101
B024,120,12.52035,98.35489,5.23548,2.09713,0.72918,0.68736
B024,144,16.04997,98.20369,4.85914,2.58043,0.77938,1.09861
B024,168,18.466,96.99968,4.55915,2.83211,0.88525,1.59452
B024,192,19.79442,96.4833,4.22075,2.40901,0.97798,2.13336
B024,216,20.31269,94.95002,3.863,1.98019,1.06538,2.6904
B024,240,20.74797,94.12146,2.90487,1.33729,1.1073,3.2513
B024,264,18.70945,93.40583,2.90903,1.02769,1.28766,3.78231
B024,288,17.02567,91.88641,3.11329,0.58282,1.38853,4.25852
B024,312,15.33619,90.60209,2.50494,0.52183,1.39226,4.68115
B024,336,13.83414,90.69301,1.84221,0.45866,1.56554,5.05849
B025,0,1.12851,98.02585,5.4367,0.65213,0.23779,0.0
B025,24,1.63666,97.54074,5.14732,0.51258,0.3151,0.03456
B025,48,2.83796,98.2338,6.34895,0.81143,0.44501,0.09228
B025,72,5.10913,98.35596,6.06049,1.12985,0.51366,0.19761
B025,96,8.30253,98.14674,5.28443,1.87509,0.6458,0.38686
B025,120,13.11326,97.90854,5.10281,1.90478,0.63516,0.69509
B025,144,17.071,98.11555,5.30735,2.43717,0.7534,1.12622
B025,168,19.6252,97.12745,4.79291,2.4839,0.89551,1.64773
B025,192,20.8724,96.90341,4.33078,2.24362,0.90849,2.21454
B025,216,21.7681,95.12133,3.81374,1.95213,1.05738,2.80511
B025,240,21.84,93.39895,3.35049,1.52664,1.13511,3.39619
B025,264,19.77802,93.31402,3.11659,1.1881,1.32129,3.95512
B025,288,17.74093,91.27335,2.56083,0.52396,1.27204,4.45569
B025,312,15.80564,90.49527,2.58125,0.52301,1.5106,4.90117
B025,336,14.20603,89.32938,2.05661,0.16241,1.59959,5.29793
B026,0,1.29831,97.94357,5.92207,0.20965,0.21185,0.0
B026,24,1.59522,97.73495,5.64518,0.55656,0.36459,0.03446
B026,48,3.09961,97.99295,5.85214,0.82769,0.4188,0.09665
B026,72,5.55404,98.12348,5.53022,1.27329,0.55807,0.21571
B026,96,10.33009,98.78837,5.92537,1.69359,0.50807,0.43681
B026,120,15.37268,98.05725,5.47324,2.39298,0.70379,0.80041
B026,144,20.35707,98.39979,4.60618,2.34431,0.73677,1.31073
B026,168,23.4157,97.90321,4.43073,2.62999,0.89611,1.92985
B026,192,24.96056,96.27237,3.88519,1.96613,1.01691,2.60242
B026,216,25.76197,95.26772,3.98189,2.03759,1.06907,3.30014
B026,240,26.16182,93.87885,3.26072,1.41299,1.21488,4.00248
B026,264,23.52765,93.55775,3.01648,1.08805,1.17226,4.66878
B026,288,21.25213,92.06313,2.91146,0.69239,1.32097,5.26357
B026,312,19.21041,90.78733,2.09755,0.56807,1.38289,5.79335
B026,336,17.25404,88.93353,2.23779,0.48384,1.66213,6.26705
B027,0,1.26706,97.90175,5.91497,0.69646,0.22878,0.0
B027,24,1.13803,97.95993,5.24553,0.82437,0.32442,0.02934
B027,48,2.1184,98.35061,6.16024,0.79142,0.37457,0.07592
B027,72,3.79404,98.03852,6.03088,0.89245,0.59318,0.15754
B027,96,6.26803,97.35772,5.51988,2.11218,0.68339,0.29891
B027,120,9.45241,94.78775,4.80055,2.9805,0.67754,0.51158
B027,144,11.04104,92.86696,4.5411,3.9503,0.7696,0.76657
B027,168,11.88009,89.31465,4.01126,4.88772,0.84838,1.02003
B027,192,12.52215,86.91271,3.51382,4.16278,0.92602,1.27051
B027,216,14.13094,88.62021,3.69322,3.1121,1.01375,1.55617
B027,240,15.13453,91.50695,3.12119,2.12252,1.25274,1.90515
B027,264,14.44823,91.59951,2.85069,1.32545,1.25636,2.28905
B027,288,13.30844,91.36732,3.01973,0.87659,1.31452,2.656
B027,312,12.0516,90.09999,2.75134,0.39807,1.32968,2.99016
B027,336,11.02871,89.28315,2.19558,0.72676,1.46246,3.2885
B028,0,1.0155,97.88282,5.79598,0.46938,0.24152,0.0
B028,24,1.31985,97.48016,5.05763,0.63825,0.30646,0.03082
B028,48,2.10168,98.06686,6.32314,1.00982,0.30832,0.08186
B028,72,4.28292,97.95237,6.34296,1.12527,0.49413,0.17405
B028,96,7.60356,98.26825,5.45045,1.88625,0.66663,0.34102
B028,120,11.68155,98.49338,5.36775,2.05352,0.67371,0.61181
B028,144,14.89761,97.90049,4.86537,2.447,0.86041,0.99009
B028,168,17.06552,97.27498,4.74382,2.70035,0.86098,1.44608
B028,192,18.09821,96.51473,4.1046,2.36383,0.9749,1.941
B028,216,18.80743,94.97108,3.74494,1.60466,1.09647,2.45371
B028,240,18.97793,93.85658,3.00996,1.61047,1.196,2.97217
B028,264,17.20083,92.06656,3.05883,1.19016,1.29698,3.46196
B028,288,15.61185,91.61656,3.03728,0.67855,1.29896,3.89834
B028,312,13.99949,91.02622,2.54357,0.39504,1.43741,4.28859
B028,336,12.79011,88.96558,1.88063,0.26278,1.5846,4.63658
B029,0,0.99401,97.29252,5.467,0.1656,0.19281,0.0
B029,24,1.59089,97.84644,5.24393,0.76748,0.2881,0.03391
B029,48,2.61785,98.0957,6.43898,0.69237,0.34575,0.09178
B029,72,5.11982,98.25402,5.59309,0.84205,0.46666,0.19921
B029,96,8.77346,98.11698,5.40013,1.87781,0.61785,0.39544
B029,120,13.68351,98.42446,4.8217,2.15331,0.56932,0.71519
B029,144,17.89737,97.56618,4.45945,2.36019,0.84579,1.16083
B029,168,20.44412,97.16014,4.2907,2.70777,0.91509,1.69993
B029,192,21.93869,95.58125,4.0205,2.07308,0.95535,2.29011
B029,216,22.44951,94.34475,3.56534,2.10028,0.97982,2.90017
B029,240,22.56352,94.44475,2.95875,1.26705,1.29765,3.51554
B029,264,20.71843,92.30432,2.94641,0.80369,1.30079,4.09829
B029,288,18.71275,91.63942,2.88409,0.59139,1.32278,4.61712
B029,312,16.84104,90.72208,2.94732,0.59582,1.4278,5.07954
B029,336,15.29777,89.6517,1.86182,0.28114,1.50572,5.4927
B030,0,1.24345,97.45913,5.44688,0.54329,0.19097,0.0
B030,24,1.08906,98.19576,4.97019,0.45636,0.28412,0.03534
B030,48,2.642,97.72805,5.83626,1.07893,0.33101,0.08889
B030,72,4.53591,97.53261,5.76316,1.09999,0.40996,0.18005
B030,96,7.3445,98.06507,5.46357,1.48331,0.63485,0.3379
B030,120,10.43606,98.15927,5.01146,2.14831,0.65204,0.59048
B030,144,13.77518,97.72989,5.13607,2.52986,0.75225,0.93957
B030,168,16.02001,97.33801,4.292,2.68802,0.85788,1.35962
B030,192,16.84222,96.41943,4.1536,2.3502,0.9627,1.81796
B030,216,17.2117,94.83208,3.70519,1.99891,0.99128,2.29052
B030,240,17.69986,93.90692,3.19993,1.39158,1.13255,2.76603
B030,264,16.04725,92.61457,2.99168,1.26208,1.22025,3.2168
B030,288,14.35412,91.70134,2.57283,0.63862,1.41688,3.61968
B030,312,12.98996,90.8171,2.68341,0.26126,1.50641,3.97969
B030,336,11.70732,89.6921,2.27932,0.49756,1.55697,4.29885
B031,0,0.84432,98.09752,5.27007,0.5474,0.20506,0.0
B031,24,1.34746,98.79347,4.97352,0.65517,0.23667,0.03193
B031,48,2.82906,97.87537,6.10109,1.04511,0.40053,0.08735
B031,72,5.04131,97.82618,5.5934,1.18639,0.43308,0.19114
B031,96,8.78528,97.80813,5.30162,1.70838,0.58104,0.38105
B031,120,13.30521,97.43639,5.00323,2.25854,0.61223,0.69247
B031,144,17.6462,97.62061,5.09756,2.53267,0.74478,1.12773
B031,168,19.97824,96.99985,4.49012,2.32399,0.92135,1.65394
B031,192,21.26199,95.85587,4.14517,2.18284,0.86564,2.22918
B031,216,21.63611,95.03118,3.86818,2.02667,1.04375,2.82298
B031,240,22.1213,94.17766,3.42931,1.46442,1.11451,3.42211
B031,264,20.08477,92.89929,2.99272,0.84198,1.28687,3.99062
B031,288,18.22927,91.8666,2.76,0.98321,1.36413,4.49722
B031,312,16.4201,90.18538,2.2339,0.33914,1.54002,4.94941
B031,336,14.53966,89.20737,1.70355,0.32216,1.56827,5.35235
B032,0,1.1835,97.99137,5.57089,0.62727,0.21204,0.0
B032,24,1.75868,97.07957,5.19298,0.79362,0.30215,0.0409
B032,48,2.98041,98.66416,5.84723,0.79706,0.35564,0.10594
B032,72,5.1522,97.99554,6.32251,1.17563,0.57551,0.22073
B032,96,9.53433,97.79001,6.11017,1.61291,0.6289,0.4236
B032,120,14.15776,97.77452,5.43378,2.16024,0.72465,0.75074
B032,144,18.06976,98.29114,5.21625,2.56625,0.73249,1.20619
B032,168,20.71829,97.37852,4.43655,2.69616,0.89556,1.75559
B032,192,22.36817,95.92742,3.9368,2.83048,0.97936,2.35324
B032,216,22.70362,94.66327,3.38925,2.06155,1.10974,2.97091
B032,240,22.96936,94.06571,3.50537,1.2112,1.22928,3.59312
B032,264,20.89356,93.28365,2.8015,0.99504,1.23379,4.18337
B032,288,18.89164,90.93935,2.65947,0.74511,1.35251,4.70936
B032,312,16.9771,90.9659,2.49587,0.4188,1.42861,5.17856
B032,336,15.13694,89.57525,2.31553,0.5889,1.58407,5.5983
B033,0,1.0092,97.62804,5.44744,0.4877,0.14764,0.0
B033,24,1.68104,97.69694,5.5532,0.50647,0.2564,0.03606
B033,48,2.68539,97.91245,6.03123,0.89473,0.43276,0.09028
B033,72,4.09033,97.77102,5.75692,1.34211,0.48681,0.18207
B033,96,7.01235,97.72128,5.74602,1.63821,0.62094,0.34075
B033,120,10.89736,98.15987,4.94391,2.37992,0.77844,0.59321
B033,144,13.9479,98.10329,4.86769,2.59508,0.77997,0.94429
B033,168,15.95432,97.46473,4.7127,2.33034,0.82856,1.36552
B033,192,17.05737,96.73848,4.18508,2.27935,0.98118,1.8234
B033,216,17.34626,94.59742,3.69153,1.89903,1.1311,2.29668
B033,240,17.55475,93.41985,3.22384,1.3125,1.06218,2.7724
B033,264,15.84052,92.02201,3.09,1.2666,1.24993,3.22387
B033,288,14.41931,91.39894,2.52005,0.46788,1.26939,3.62615
B033,312,13.08753,90.36927,2.44355,0.60731,1.41388,3.98566
B033,336,11.43467,89.91836,2.27198,0.45972,1.47769,4.30612
B034,0,0.82364,97.93182,5.56289,0.52731,0.2513,0.0
B034,24,1.29942,98.26308,5.16265,0.64816,0.29259,0.03041
B034,48,2.45879,98.65607,5.70148,0.7393,0.37513,0.08231
B034,72,4.75116,98.52372,6.03268,1.32152,0.49709,0.17866
B034,96,7.83316,97.78077,5.05919,1.56166,0.5605,0.3541
B034,120,12.40035,97.76174,5.32486,1.99224,0.63871,0.64032
B034,144,16.0431,98.88583,4.90742,2.48587,0.74683,1.04433
B034,168,18.52057,96.78775,4.05565,2.61776,0.82045,1.52915
B034,192,19.54909,96.53496,4.37574,2.44649,1.0426,2.05594
B034,216,20.11729,95.21086,3.60235,1.95437,1.08126,2.60363
B034,240,20.34316,93.98156,3.21662,1.40673,1.13736,3.15407
B034,264,18.27675,92.60904,3.05213,1.01064,1.1962,3.67569
B034,288,16.43764,92.03248,3.00179,0.77622,1.42631,4.1423
B034,312,14.9208,91.55409,2.66001,0.36457,1.41273,4.55807
B034,336,13.41207,89.29273,2.58207,0.46971,1.54546,4.92976
B035,0,1.04074,97.82657,5.57315,0.5736,0.20179,0.0
B035,24,1.48706,98.30307,5.45391,0.47829,0.16383,0.03461
B035,48,2.73265,98.18447,5.77481,1.01493,0.41902,0.09464
B035,72,5.31839,97.44343,5.90129,1.32748,0.369,0.20696
B035,96,9.55095,98.01249,5.55522,1.74444,0.48136,0.41337
B035,120,14.53047,98.03411,5.17192,2.27584,0.59167,0.74983
B035,144,18.77992,98.33923,4.92647,2.47069,0.82147,1.22227
B035,168,21.39258,97.85139,4.04184,2.46034,0.89247,1.79512
B035,192,22.98878,96.01131,3.82169,2.52858,0.99381,2.41953
B035,216,23.76789,94.26792,3.63797,1.69821,1.03465,3.06335
B035,240,24.05018,93.33131,2.8816,1.61583,1.19115,3.7132
B035,264,21.99792,92.47391,2.80596,1.05303,1.23714,4.32839
B035,288,19.79205,91.54572,2.70079,0.65013,1.37037,4.87985
B035,312,17.53736,91.03044,2.38961,0.46701,1.45974,5.37091
B035,336,15.97901,89.90787,2.41807,0.61019,1.65795,5.80776
B036,0,0.97702,97.77548,5.64303,0.48676,0.18047,0.0
B036,24,1.55901,97.91855,5.03367,0.62968,0.36044,0.03443
B036,48,2.20398,98.3856,5.86479,0.86605,0.40251,0.08616
B036,72,4.23152,98.13877,5.8134,1.45818,0.45519,0.17385
B036,96,6.93601,98.11796,5.57889,1.83951,0.56343,0.32512
B036,120,10.26277,98.03186,5.3471,2.12994,0.715,0.56735
B036,144,13.1232,98.99383,5.032,2.26024,0.81213,0.90075
B036,168,15.35191,97.30172,4.51616,2.77662,0.8383,1.30261
B036,192,16.13731,95.80627,4.18614,2.45456,0.89405,1.73935
B036,216,16.80064,95.51073,3.7905,1.61061,1.01907,2.19128
B036,240,16.58726,93.97048,3.14582,1.44456,1.1767,2.64608
B036,264,15.01319,92.76888,2.64631,0.89719,1.29721,3.0763
B036,288,13.47919,91.42802,2.55246,0.63527,1.33661,3.46109
B036,312,12.45126,90.35161,2.49447,0.56873,1.49863,3.80506
B036,336,11.10702,89.36556,2.34456,0.43362,1.52495,4.11166
B037,0,0.94757,97.09169,5.59353,0.59407,0.18975,0.0
B037,24,1.35462,97.71436,5.50843,0.73824,0.28102,0.02947
B037,48,2.30336,99.09936,6.09426,0.78435,0.40155,0.0806
B037,72,4.30607,98.10743,5.90432,1.31153,0.52953,0.17582
B037,96,8.08288,98.91237,5.87805,1.86205,0.50225,0.35014
B037,120,12.21237,98.44602,5.07033,1.96204,0.61196,0.63547
B037,144,15.99856,98.36132,4.96504,2.34197,0.85767,1.03527
B037,168,18.2965,97.55078,4.25817,2.66078,0.92972,1.51903
B037,192,19.2245,95.92768,4.19911,2.43139,0.99906,2.04451
B037,216,19.97023,94.91721,3.64215,2.09385,1.06772,2.58797
B037,240,20.05659,93.12973,3.28531,1.30253,1.11875,3.13409
B037,264,18.08962,92.40932,3.02384,1.19413,1.27149,3.65396
B037,288,16.46645,91.97023,2.72208,0.72929,1.43244,4.11822
B037,312,14.75391,90.91773,2.27143,0.52253,1.49922,4.53263
B037,336,13.49806,89.27749,2.52622,0.50951,1.50464,4.90027
B038,0,0.78867,98.11075,5.64449,0.75712,0.18961,0.0
B038,24,1.20682,98.37218,5.36846,0.57603,0.23704,0.03226
B038,48,2.22513,97.29899,6.09658,0.89635,0.4057,0.08296
B038,72,4.09695,97.76481,5.78913,1.17729,0.53032,0.17155
B038,96,7.23388,97.90552,5.51754,1.41031,0.58657,0.3276
B038,120,11.06599,97.79556,4.99853,2.15071,0.72086,0.57891
B038,144,13.81348,97.65398,4.7058,2.45399,0.7975,0.92894
B038,168,16.06264,97.54861,4.19644,2.29186,0.85443,1.35116
B038,192,16.95454,96.51822,4.32846,2.40632,0.90543,1.81079
B038,216,17.43104,95.53597,3.46093,1.83026,1.11011,2.28385
B038,240,17.38691,94.15672,3.1325,1.45589,1.19149,2.76154
B038,264,15.74696,92.99859,3.05996,1.23081,1.30737,3.21342
B038,288,14.50082,91.38202,2.53755,0.70569,1.36074,3.61694
B038,312,12.70163,90.91972,2.20693,0.71792,1.42309,3.97757
B038,336,11.74289,89.81662,2.40597,0.2237,1.5147,4.29917
B039,0,0.8592,98.73743,5.58976,0.45911,0.246,0.0
B039,24,1.46135,98.86105,5.53786,0.57872,0.33545,0.0319
B039,48,2.00926,97.51869,6.09311,0.82385,0.32992,0.08261
B039,72,4.25589,98.19416,6.1188,1.32209,0.4799,0.17202
B039,96,7.05779,97.7807,5.27684,1.65596,0.59077,0.33033
B039,120,11.09861,97.80124,5.15577,2.35314,0.76939,0.58587
B039,144,14.09518,97.93128,5.12833,2.61715,0.84802,0.94232
B039,168,16.18833,97.2009,4.51632,2.47808,0.82227,1.3718
B039,192,17.08393,96.90188,4.24584,2.39854,0.9652,1.84089
B039,216,17.6231,94.70616,3.63467,1.81097,1.07561,2.32373
B039,240,17.99896,94.22224,3.52826,1.43356,1.17237,2.8107
B039,264,16.2053,93.0247,2.77724,0.82751,1.26471,3.27123
B039,288,14.56336,92.08,2.73589,0.67024,1.37056,3.68249
B039,312,13.15861,90.58666,2.43479,0.41297,1.46444,4.05013
B039,336,11.97427,89.908,2.16839,0.5148,1.59465,4.37798
B040,0,1.08323,97.68273,5.74058,0.28864,0.17938,0.0
B040,24,1.79211,98.29242,5.12233,0.65376,0.22226,0.03921
B040,48,2.76104,98.28568,6.11024,0.78174,0.39343,0.09999
B040,72,4.84945,98.28814,5.82408,1.06107,0.51674,0.2048
B040,96,8.12921,98.21646,5.20626,1.60278,0.61129,0.38843
B040,120,12.47645,98.5084,5.5131,2.35079,0.70931,0.68301
B040,144,16.21489,97.70151,4.85697,2.52366,0.79584,1.08946
B040,168,18.32002,97.23171,4.70244,2.50067,0.87028,1.58014
B040,192,19.69857,96.45853,4.20464,2.48715,1.03121,2.11442
B040,216,20.18948,94.85111,3.52606,1.79998,1.01835,2.66588
B040,240,20.58072,94.5005,2.97203,1.14472,1.12883,3.22234
B040,264,18.58236,92.79353,3.08306,0.94579,1.2636,3.74992
B040,288,16.69652,92.25858,2.41341,0.7141,1.3228,4.2202
B040,312,14.86782,91.05694,2.50507,0.52871,1.39475,4.64101
B040,336,13.65795,89.10142,2.53774,0.4991,1.63491,5.01437
B041,0,0.91443,98.05186,5.44849,0.29253,0.11737,0.0
B041,24,1.48119,97.99769,5.1956,1.06539,0.26138,0.03443
B041,48,2.86987,99.05196,6.28728,0.80346,0.349,0.09249
B041,72,5.12396,97.48096,5.72743,1.28357,0.4964,0.19871
B041,96,8.84571,98.01619,5.87483,1.63729,0.53654,0.39221
B041,120,13.66369,98.24766,5.38984,2.07738,0.74153,0.70828
B041,144,17.60044,97.85962,4.97513,2.43753,0.79914,1.14899
B041,168,20.17113,97.11517,4.65161,2.53859,0.8851,1.68166
B041,192,21.41966,96.0951,4.32983,2.27849,0.8908,2.26191
B041,216,22.20288,94.90728,3.9069,1.99594,1.03078,2.86272
B041,240,22.47945,93.85525,3.74765,1.5807,1.1381,3.46721
B041,264,20.26829,92.90817,2.88973,1.10783,1.25105,4.03907
B041,288,18.14561,91.2567,2.89309,0.84033,1.4299,4.55012
B041,312,16.30996,91.49881,2.12932,0.51699,1.57052,5.00608
B041,336,14.71758,90.16825,2.28491,0.32021,1.53349,5.41348
B042,0,1.06712,97.63159,5.57001,0.4524,0.17155,0.0
B042,24,1.53223,97.94493,5.35273,0.62007,0.3447,0.03265
B042,48,2.30277,97.57394,6.29959,0.98142,0.39914,0.08452
B042,72,4.38998,98.01937,5.74981,1.24761,0.47086,0.17605
B042,96,7.13462,97.12854,5.481,1.53362,0.50577,0.33815
B042,120,11.09013,98.35737,5.56983,2.04398,0.66963,0.59958
B042,144,14.59462,98.0647,5.2078,2.53922,0.75803,0.96418
B042,168,16.37174,97.42615,4.62525,2.48361,0.90236,1.40269
B042,192,17.46429,96.20995,3.97978,2.47167,0.9262,1.88059
B042,216,17.877,95.18113,3.70188,2.06925,1.03555,2.37407
B042,240,18.5266,94.33078,3.27797,1.56458,1.17372,2.87105
B042,264,16.7582,93.17497,2.70024,0.7244,1.38908,3.34126
B042,288,15.12532,91.25099,2.62302,0.81605,1.37626,3.76231
B042,312,13.2367,90.69878,2.45917,0.54304,1.49866,4.13679
B042,336,12.30805,90.09629,2.18646,0.46511,1.60375,4.47118
B043,0,1.1272,97.93572,5.29102,0.50039,0.17887,0.0
B043,24,1.56834,97.63468,5.14187,0.67569,0.26253,0.03548
B043,48,2.73324,97.47225,6.38023,0.8982,0.37711,0.09367
B043,72,4.72373,98.2562,5.74574,1.33795,0.53684,0.19798
B043,96,8.25697,97.39548,5.45614,1.90756,0.58662,0.38553
B043,120,12.90185,97.46325,5.37749,2.2204,0.67227,0.68934
B043,144,16.78912,97.55469,4.72829,2.45715,0.89327,1.11365
B043,168,19.10402,96.20882,4.59785,2.49296,0.89788,1.6255
B043,192,20.60217,95.99157,4.08737,2.28584,0.96445,2.18179
B043,216,21.35307,95.02187,3.91462,1.55736,1.09828,2.75804
B043,240,21.23596,94.92844,3.52353,1.15863,1.27275,3.34046
B043,264,19.29054,93.08338,2.96537,0.93307,1.29732,3.89065
B043,288,17.44293,91.79534,2.41763,0.69985,1.34864,4.38313
B043,312,15.76298,90.90914,2.37206,0.33581,1.44629,4.82122
B043,336,14.33126,89.48375,2.15118,0.46742,1.53568,5.21194
B044,0,0.92925,98.41185,5.21754,0.27078,0.19632,0.0
B044,24,1.47855,97.27328,5.15828,0.34307,0.29172,0.03505
B044,48,2.97069,97.35594,6.09819,0.83366,0.47612,0.09292
B044,72,5.04559,97.79652,6.07281,1.04635,0.50389,0.19811
B044,96,8.51162,97.79167,5.68398,1.8235,0.57616,0.38598
B044,120,13.07526,97.7585,5.14408,2.11655,0.68247,0.69159
B044,144,17.17806,97.23439,5.06951,2.50614,0.77194,1.11835
B044,168,19.20367,97.35027,4.27083,2.81752,0.80112,1.63565
B044,192,20.7148,96.49107,4.14653,2.32253,0.99259,2.19732
B044,216,21.31452,95.0987,3.8318,1.88885,1.02296,2.77692
B044,240,21.87314,93.86462,3.02923,1.32916,1.13726,3.36382
B044,264,19.84877,92.988,3.00737,1.09468,1.34563,3.91854
B044,288,17.83835,92.01626,2.54824,0.71858,1.42965,4.41485
B044,312,16.15171,91.10268,2.37067,0.31937,1.48433,4.85723
B044,336,14.20198,89.80062,2.20862,0.55494,1.59019,5.25114
B045,0,0.80247,97.97318,5.48375,0.2808,0.28457,0.0
B045,24,1.20679,97.41681,5.29222,0.45912,0.2514,0.02831
B045,48,2.41958,97.37021,5.90767,0.83399,0.44453,0.07794
B045,72,4.35994,97.98034,6.35532,1.18559,0.64526,0.1715
B045,96,7.84716,98.1257,5.13038,1.72592,0.55648,0.34361
B045,120,12.05485,97.96733,5.08904,2.24075,0.62572,0.6261
B045,144,15.79994,98.42492,5.08778,2.48851,0.73252,1.02187
B045,168,18.24982,97.36095,4.28586,2.83493,0.84066,1.50149
B045,192,19.07678,96.49485,4.11796,2.29246,1.0734,2.02435
B045,216,19.88481,95.2844,3.82925,1.81636,0.93797,2.56492
B045,240,20.24936,93.19114,3.08604,1.44481,1.25766,3.10886
B045,264,18.03729,92.64088,2.63246,1.06783,1.22368,3.62385
B045,288,16.38766,91.96515,2.80146,0.60638,1.42926,4.08601
B045,312,14.72875,90.30099,2.38241,0.44198,1.40812,4.49728
B045,336,13.57243,89.6807,2.12772,0.3857,1.48724,4.8625
B046,0,1.23532,97.9979,5.53977,0.45732,0.09128,0.0
B046,24,1.29785,98.14727,5.06481,0.59245,0.33113,0.03586
B046,48,2.57434,97.58165,6.0582,0.89285,0.41052,0.0913
B046,72,4.30248,98.03622,5.77923,1.00158,0.51339,0.18727
B046,96,7.60244,98.10167,5.55437,1.77322,0.56788,0.3555
B046,120,11.52388,98.6344,5.22802,2.17326,0.65347,0.62573
B046,144,15.07916,98.48804,4.6818,2.75159,0.74648,0.999
B046,168,16.78908,97.67524,4.40381,2.88381,0.84648,1.44936
B046,192,17.93696,96.26268,3.97262,2.18952,1.00555,1.9404
B046,216,18.78811,94.53559,3.56981,1.93447,0.95211,2.44559
B046,240,18.72602,94.78499,3.30092,1.47212,1.08819,2.95691
B046,264,17.11233,92.74792,3.47597,0.90237,1.17362,3.44011
B046,288,15.47258,92.14768,2.80073,0.82414,1.32586,3.87264
B046,312,14.04951,90.55138,2.47211,0.64198,1.3145,4.25809
B046,336,12.77661,89.9827,2.47973,0.42962,1.61529,4.60084
B047,0,1.11842,97.94535,5.56974,0.29021,0.2612,0.0
B047,24,1.28474,98.25846,5.15077,0.63492,0.28951,0.03496
B047,48,2.74205,97.95329,5.87195,0.85789,0.31724,0.09614
B047,72,5.39915,98.11846,5.72621,1.16054,0.51554,0.2114
B047,96,9.92837,98.29184,5.27181,1.92895,0.55971,0.42269
B047,120,14.77735,97.82796,5.28731,1.86503,0.69165,0.76928
B047,144,19.24234,97.85753,4.93668,2.43507,0.79122,1.256
B047,168,22.51148,96.92139,4.67261,2.71563,0.83658,1.84484
B047,192,23.65429,96.38119,3.91711,2.26721,0.87727,2.48537
B047,216,24.33377,94.4928,3.47268,2.07642,0.98609,3.14961
B047,240,24.82496,93.87182,3.61857,1.24775,1.14179,3.81905
B047,264,22.42795,92.87413,2.66659,1.22833,1.24613,4.45125
B047,288,20.18436,92.32582,2.5894,0.75464,1.38438,5.01585
B047,312,18.45069,90.57926,2.40398,0.41224,1.47576,5.52038
B047,336,16.23969,89.42808,1.96331,0.72282,1.54473,5.96824
B048,0,0.9961,98.0527,5.33749,0.56777,0.19031,0.0
B048,24,1.03771,98.59739,5.25894,0.81841,0.29609,0.02973
B048,48,2.19272,97.65892,5.9398,0.78504,0.31956,0.07776
B048,72,4.05962,97.6628,5.89005,1.49074,0.52851,0.16342
B048,96,6.82549,97.0517,5.31894,1.84439,0.49091,0.3137
B048,120,9.96726,95.18195,4.69734,2.62796,0.69086,0.54003
B048,144,12.00426,92.2651,5.11616,4.02107,0.77304,0.81247
B048,168,12.36341,89.01429,4.13214,4.65351,0.81512,1.08365
B048,192,13.28507,88.04557,3.86041,3.9661,0.92858,1.35131
B048,216,14.8316,88.89428,3.39843,3.01532,1.09069,1.65636
B048,240,16.28203,91.72045,3.27259,1.73765,1.20025,2.02911
B048,264,15.56484,91.9023,2.86602,1.28898,1.33829,2.44044
B048,288,14.15904,91.47829,2.37964,0.7845,1.41905,2.83216
B048,312,12.82475,90.73179,2.53316,0.48449,1.48124,3.18994
B048,336,11.55206,88.86642,2.21036,0.53341,1.64948,3.50984
B049,0,1.11654,98.55937,5.94107,0.64685,0.21417,0.0
B049,24,1.54399,98.73094,5.26885,0.41352,0.25125,0.03531
B049,48,2.67377,98.09461,5.98525,0.96776,0.40998,0.09284
B049,72,4.7867,98.11096,5.94859,1.34684,0.46759,0.19676
B049,96,8.67869,98.34003,5.38098,1.83036,0.57146,0.38231
B049,120,12.92414,97.62052,5.27746,2.19486,0.73597,0.68323
B049,144,16.63004,97.73921,5.13873,2.36574,0.80139,1.10317
B049,168,19.11414,97.41364,4.42251,2.26591,0.89839,1.60898
B049,192,20.32344,96.68715,3.91055,2.2902,0.98625,2.16159
B049,216,21.02107,95.30441,3.31119,2.22309,1.06826,2.73134
B049,240,21.53725,94.19387,3.01784,1.34608,1.17991,3.30665
B049,264,19.19313,92.99222,2.77766,0.70504,1.26434,3.85159
B049,288,17.39295,92.34774,2.34927,0.98087,1.3635,4.33804
B049,312,15.59442,90.94679,2.7355,0.62815,1.55817,4.77283
B049,336,13.83007,89.7953,1.81642,0.42933,1.61863,5.15977
B050,0,0.89605,97.74659,5.612,0.62039,0.31945,0.0
B050,24,1.53032,97.99015,5.1355,0.70544,0.33488,0.03712
B050,48,2.71343,98.10511,6.50461,0.88954,0.40246,0.09633
B050,72,4.66739,97.93084,6.27247,1.14503,0.39847,0.2009
B050,96,8.08597,97.43627,5.47361,1.5666,0.45678,0.38587
B050,120,12.75181,98.66779,5.38947,2.15105,0.63848,0.68451
B050,144,16.3556,98.3891,5.0666,2.54299,0.72617,1.10165
B050,168,18.65832,97.25556,4.42844,2.65542,0.81445,1.60254
B050,192,19.96523,96.17233,4.07452,2.35842,0.96409,2.14813
B050,216,20.82864,94.83212,3.46003,1.83408,1.04662,2.71237
B050,240,20.8727,94.08759,3.3226,1.46845,1.17958,3.27924
B050,264,19.11961,93.22207,3.07137,1.16199,1.24422,3.81901
B050,288,17.19321,91.28023,2.51262,0.67434,1.29289,4.29985
B050,312,15.47713,91.46879,2.62254,0.53009,1.49121,4.72907
B050,336,13.98464,89.76255,2.28212,0.42163,1.54091,5.11115
B051,0,0.84804,97.60461,5.37871,0.57895,0.18326,0.0
B051,24,1.40699,98.24862,4.75083,0.57646,0.23341,0.03333
B051,48,2.95661,98.0513,6.06047,0.95337,0.35517,0.08914
B051,72,4.90738,97.95881,5.73893,1.1362,0.4094,0.19172
B051,96,8.45071,97.78446,5.09988,1.96041,0.58331,0.3774
B051,120,12.63888,97.89568,5.32579,2.31372,0.69847,0.68014
B051,144,16.71569,97.82588,4.83781,2.56452,0.77121,1.10329
B051,168,19.05117,97.58831,4.56151,2.66117,0.9069,1.61355
B051,192,20.52293,96.4313,4.45081,2.14858,0.87966,2.16862
B051,216,20.94873,94.95687,3.31291,1.83,1.13327,2.74372
B051,240,21.45239,93.44768,3.2246,1.41416,1.12628,3.3236
B051,264,19.34895,92.54532,3.38512,1.36323,1.20356,3.8721
B051,288,17.18051,91.87057,2.64653,0.6875,1.29397,4.36318
B051,312,16.02312,91.04526,2.29664,0.87001,1.44187,4.80135
B051,336,14.17941,89.47023,2.08604,0.39082,1.56066,5.19203
B052,0,1.28925,98.55054,5.55318,0.63182,0.12113,0.0
B052,24,1.56061,98.00895,5.11655,0.66664,0.29781,0.03559
B052,48,2.72646,98.87983,6.04559,0.86483,0.30518,0.09219
B052,72,4.84398,97.69877,5.54859,1.34564,0.48713,0.19199
B052,96,8.12003,97.56812,5.67352,1.7553,0.57225,0.36842
B052,120,12.30052,98.45587,5.14848,2.2562,0.67841,0.65265
B052,144,15.85818,97.69812,5.3531,2.67323,0.75107,1.04923
B052,168,18.01719,96.14624,4.38818,2.36879,0.85411,1.52549
B052,192,19.06774,96.31184,4.4351,2.46523,0.97453,2.04452
B052,216,19.83788,94.39067,3.85075,2.12021,1.13978,2.58215
B052,240,20.01317,93.98667,3.17927,1.33796,1.16412,3.12253
B052,264,18.07582,93.27736,2.82978,1.15269,1.24361,3.63436
B052,288,16.11363,91.33584,2.14886,0.97197,1.28639,4.09288
B052,312,14.82432,90.97134,2.35943,0.46383,1.4799,4.50237
B052,336,13.24622,90.03746,2.0302,0.55377,1.59455,4.86661
B053,0,0.98268,98.08705,5.65315,0.47604,0.18449,0.0
B053,24,1.63828,97.53999,5.10572,0.67793,0.36132,0.04094
B053,48,2.9401,97.8049,6.2375,0.55162,0.39699,0.10474
B053,72,5.2193,98.15532,5.79654,1.06911,0.49146,0.21669
B053,96,8.83649,97.08741,5.5871,1.76945,0.52764,0.41314
B053,120,13.70807,97.42634,4.97591,2.23058,0.68189,0.72833
B053,144,17.54116,97.86172,5.19289,2.43104,0.81013,1.1665
B053,168,20.03958,96.36798,4.33233,2.56519,0.8846,1.695
B053,192,21.20052,96.29078,4.07719,2.17392,0.98091,2.26963
B053,216,21.84847,95.48336,3.57513,1.80456,1.06977,2.8649
B053,240,22.14663,93.85052,3.01083,1.14622,1.19543,3.46355
B053,264,20.12234,92.58607,2.84058,0.7973,1.29675,4.03013
B053,288,17.93369,91.76294,2.19136,0.56292,1.38697,4.53614
B053,312,16.15289,90.57989,2.13173,0.61453,1.40255,4.9878
B053,336,14.79015,90.08039,2.00965,0.46258,1.52794,5.39101
B054,0,0.98473,97.29032,5.44009,0.49631,0.15527,0.0
B054,24,1.58942,98.17013,5.42954,0.41701,0.40873,0.03518
B054,48,2.39837,98.28454,5.37591,0.68043,0.33589,0.09083
B054,72,4.57947,97.29652,5.61838,1.39807,0.47022,0.18833
B054,96,7.82613,97.75418,5.77605,1.74953,0.57861,0.3606
B054,120,11.94558,97.98754,4.79853,2.02469,0.63894,0.63791
B054,144,15.02627,98.00484,4.67562,2.9048,0.76604,1.02292
B054,168,17.64682,96.86806,4.81042,2.60817,0.86848,1.48705
B054,192,18.72323,96.36847,3.93538,2.23099,0.93501,1.99238
B054,216,19.31033,95.12626,3.51977,1.67309,0.94771,2.5151
B054,240,19.57278,93.83499,3.38194,1.2963,1.22488,3.04224
B054,264,17.86496,92.49833,2.92047,1.03239,1.29674,3.53986
B054,288,16.0682,91.80582,2.64594,0.65688,1.39524,3.98564
B054,312,14.27353,90.18222,2.40159,0.57188,1.49779,4.38378
B054,336,13.21525,89.86979,2.03502,0.55665,1.57783,4.73867
B055,0,0.96605,97.66914,5.4216,0.52004,0.24983,0.0
B055,24,1.53415,98.36472,5.17748,0.87588,0.30605,0.03183
B055,48,2.60137,98.31534,5.71952,0.87678,0.42042,0.08758
B055,72,5.04281,98.04824,5.37762,1.57698,0.58221,0.19293
B055,96,8.63374,98.69682,5.53643,2.04815,0.61066,0.38647
B055,120,13.59201,98.7571,5.29651,2.18849,0.65503,0.70387
B055,144,17.87007,98.62619,4.75957,2.27091,0.78293,1.15044
B055,168,20.27089,96.26041,4.43636,2.50938,0.89452,1.68861
B055,192,21.66622,95.90336,3.97631,2.43963,1.06758,2.27413
B055,216,22.49577,94.81074,3.82797,2.17753,1.08164,2.87932
B055,240,22.60576,93.25934,2.86238,1.74767,1.16412,3.48963
B055,264,20.45308,93.0328,3.02989,0.77569,1.31068,4.07106
B055,288,18.24066,91.78929,2.48047,0.97936,1.38405,4.58892
B055,312,16.79693,90.66472,2.61275,0.58349,1.41758,5.05122
B055,336,15.07549,89.76701,2.26308,0.6415,1.57589,5.46254
B056,0,0.60032,99.12709,5.57483,0.5782,0.13681,0.0
B056,24,1.44749,98.44769,5.09877,0.75117,0.25048,0.03351
B056,48,2.58563,97.82632,5.84434,0.79858,0.41064,0.09079
B056,72,5.10908,97.68881,6.02478,1.30013,0.4987,0.19693
B056,96,8.86466,97.47774,5.61852,1.82284,0.55817,0.39023
B056,120,13.48779,98.36068,5.36345,2.17952,0.7005,0.7058
B056,144,17.59039,97.54167,4.761,2.62678,0.84783,1.14774
B056,168,20.21781,96.96499,4.16202,2.73344,0.89632,1.68101
B056,192,21.67164,96.59089,3.89519,2.41428,0.9392,2.26394
B056,216,21.89721,94.86801,3.46533,2.02598,1.06024,2.8652
B056,240,22.27505,94.27969,3.36703,1.40216,1.06412,3.47177
B056,264,20.2252,92.41674,3.0118,1.10849,1.21984,4.04649
B056,288,18.42928,91.41734,2.36701,0.85709,1.30745,4.56139
B056,312,16.65597,90.53487,2.25305,0.59243,1.43348,5.01884
B056,336,14.89657,89.79532,2.04919,0.4207,1.49197,5.42708
B057,0,1.18306,97.77745,5.75588,0.52534,0.12659,0.0
B057,24,1.42359,98.33935,5.32579,0.4015,0.23717,0.03565
B057,48,2.19859,97.56531,5.97341,0.84684,0.41958,0.09192
B057,72,4.75996,98.86396,5.84037,1.26871,0.50278,0.19043
B057,96,7.95593,98.25032,5.538,1.58214,0.52288,0.36484
B057,120,11.93877,98.32701,5.62134,2.26897,0.68299,0.64554
B057,144,15.56063,97.54435,4.75955,2.36676,0.80645,1.03515
B057,168,17.86671,96.97564,4.66681,2.56263,0.86618,1.50504
B057,192,18.95834,96.14246,4.31239,2.41457,1.0141,2.01667
B057,216,19.39734,95.43755,4.16547,1.90076,1.09408,2.54568
B057,240,19.84126,93.88783,2.95431,1.22916,1.10053,3.07871
B057,264,17.66108,93.08072,2.96682,1.10368,1.35327,3.58436
B057,288,15.85766,91.67988,2.39743,0.65712,1.32556,4.0364
B057,312,14.82774,90.52923,2.17963,0.5333,1.42844,4.43806
B057,336,13.35607,88.1131,2.36022,0.4832,1.55399,4.79632
B058,0,0.97696,98.32527,5.7292,0.43359,0.26659,0.0
B058,24,1.28837,97.74944,5.03137,0.62507,0.17481,0.0351
B058,48,2.58657,97.41214,6.01914,0.84798,0.42136,0.09071
B058,72,4.70287,97.72993,5.52469,1.14355,0.57963,0.18838
B058,96,7.92444,97.79418,5.18014,1.68091,0.61083,0.36125
B058,120,11.8703,98.19815,5.02726,1.92529,0.68427,0.64036
B058,144,15.19844,98.20899,4.40303,2.73403,0.77048,1.02851
B058,168,17.67434,96.76743,4.48705,2.93078,0.89518,1.49568
B058,192,19.07759,96.20264,4.3007,2.13261,1.00698,2.00507
B058,216,19.32665,95.10554,3.98703,1.59884,1.02693,2.53142
B058,240,19.40421,93.96051,3.3748,1.16595,1.10261,3.06028
B058,264,17.65977,92.4335,2.92044,0.94762,1.25357,3.56075
B058,288,15.4987,92.52598,2.13343,0.58799,1.41667,4.008
B058,312,14.71488,91.23989,2.03888,0.59765,1.39793,4.40816
B058,336,12.80167,89.74307,2.05136,0.5016,1.56322,4.76479
B059,0,0.96746,97.57221,5.17303,0.4978,0.32246,0.0
B059,24,1.64844,97.62189,5.49585,0.59791,0.24996,0.03333
B059,48,2.82785,98.62839,5.8072,0.93847,0.33559,0.09159
B059,72,5.03887,98.34891,5.7804,1.38877,0.44187,0.20089
B059,96,9.30787,97.73257,5.47624,1.45489,0.62134,0.40117
B059,120,14.11641,97.6165,5.29188,2.30623,0.59543,0.72895
B059,144,18.51,98.91121,4.5695,2.44556,0.71941,1.19024
B059,168,20.97673,97.74982,4.67898,2.27288,0.82926,1.74878
B059,192,22.55063,96.77029,4.21629,2.33444,0.96791,2.35631
B059,216,23.10637,95.32652,3.60973,2.00026,1.03227,2.98426
B059,240,23.50674,94.19064,3.10172,1.62989,1.1788,3.61704
B059,264,21.28459,92.62715,2.71506,1.17211,1.23433,4.21667
B059,288,19.15088,92.50461,2.67467,0.81528,1.40607,4.75214
B059,312,17.20697,90.64903,2.49022,0.81675,1.37021,5.22967
B059,336,15.26188,89.64384,2.40023,0.39299,1.54282,5.65543
B060,0,0.8554,98.57658,5.17152,0.62159,0.21785,0.0
B060,24,1.17531,97.65535,5.1894,0.83669,0.27198,0.02798
B060,48,2.35585,98.11708,5.66314,0.97825,0.39021,0.07539
B060,72,3.93216,98.14153,5.97217,1.1597,0.5357,0.16253
B060,96,7.40508,98.41726,5.74727,1.89866,0.54931,0.32089
B060,120,10.99802,97.66489,5.52004,2.29555,0.66361,0.57966
B060,144,14.47837,98.06763,4.76125,2.3147,0.81831,0.94123
B060,168,16.40731,96.66051,3.95288,2.29259,0.89623,1.37811
B060,192,17.52805,96.24778,3.81553,2.53476,0.89149,1.85317
B060,216,18.12061,94.58636,3.77912,1.8603,1.1175,2.34645
B060,240,18.15706,93.62235,3.0936,1.51066,1.19379,2.84323
B060,264,16.61232,93.10704,2.7988,1.00057,1.21301,3.31237
B060,288,14.92381,91.06761,2.70383,0.62155,1.34282,3.73289
B060,312,13.62168,90.68647,2.62904,0.47616,1.39477,4.10709
B060,336,12.12562,89.80921,1.96573,0.47798,1.48452,4.44059
