batch_id,cell_line,media_type,media_lot,bioreactor_scale,seed_density,experiment_date,operator
B001,CHO-A,Media-1,M1-L01,2,0.70958,2025-01-01,Operator-1
B002,CHO-A,Media-2,M2-L02,5,0.64765,2025-01-04,Operator-2
B003,CHO-A,Media-3,M3-L03,2,0.6201,2025-01-07,Operator-3
B004,CHO-A,Media-1,M1-L04,5,0.47992,2025-01-10,Operator-4
B005,CHO-A,Media-2,M2-L01,2,0.64584,2025-01-13,Operator-1
B006,CHO-A,Media-3,M3-L02,5,0.51193,2025-01-16,Operator-2
B007,CHO-A,Media-1,M1-L03,2,0.71624,2025-01-19,Operator-3
B008,CHO-A,Media-2,M2-L04,5,0.6995,2025-01-22,Operator-4
B009,CHO-A,Media-3,M3-L01,2,0.50447,2025-01-25,Operator-1
B010,CHO-A,Media-1,M1-L02,5,0.77492,2025-01-28,Operator-2
B011,CHO-A,Media-2,M2-L03,2,0.42551,2025-01-31,Operator-3
B012,CHO-A,Media-3,M3-L04,5,0.68503,2025-02-03,Operator-4
B013,CHO-A,Media-1,M1-L01,2,0.63132,2025-02-06,Operator-1
B014,CHO-A,Media-2,M2-L02,5,0.60342,2025-02-09,Operator-2
B015,CHO-A,Media-3,M3-L03,2,0.74993,2025-02-12,Operator-3
B016,CHO-A,Media-1,M1-L04,5,0.73499,2025-02-15,Operator-4
B017,CHO-A,Media-2,M2-L01,2,0.53729,2025-02-18,Operator-1
B018,CHO-A,Media-3,M3-L02,5,0.67709,2025-02-21,Operator-2
B019,CHO-A,Media-1,M1-L03,2,0.60935,2025-02-24,Operator-3
B020,CHO-A,Media-2,M2-L04,5,0.47738,2025-02-27,Operator-4
B021,CHO-A,Media-3,M3-L01,2,0.68952,2025-03-02,Operator-1
B022,CHO-A,Media-1,M1-L02,5,0.56945,2025-03-05,Operator-2
B023,CHO-A,Media-2,M2-L03,2,0.73837,2025-03-08,Operator-3
B024,CHO-A,Media-3,M3-L04,5,0.79911,2025-03-11,Operator-4
B025,CHO-A,Media-1,M1-L01,2,0.57982,2025-03-14,Operator-1
B026,CHO-A,Media-2,M2-L02,5,0.44814,2025-03-17,Operator-2
B027,CHO-A,Media-3,M3-L03,2,0.55575,2025-03-20,Operator-3
B028,CHO-A,Media-1,M1-L04,5,0.52878,2025-03-23,Operator-4
B029,CHO-A,Media-2,M2-L01,2,0.52511,2025-03-26,Operator-1
B030,CHO-A,Media-3,M3-L02,5,0.73645,2025-03-29,Operator-2
B031,CHO-A,Media-1,M1-L03,2,0.46819,2025-04-01,Operator-3
B032,CHO-A,Media-2,M2-L04,5,0.77314,2025-04-04,Operator-4
B033,CHO-A,Media-3,M3-L01,2,0.7626,2025-04-07,Operator-1
B034,CHO-A,Media-1,M1-L02,5,0.46884,2025-04-10,Operator-2
B035,CHO-A,Media-2,M2-L03,2,0.50723,2025-04-13,Operator-3
B036,CHO-A,Media-3,M3-L04,5,0.72678,2025-04-16,Operator-4
B037,CHO-A,Media-1,M1-L01,2,0.4431,2025-04-19,Operator-1
B038,CHO-A,Media-2,M2-L02,5,0.6252,2025-04-22,Operator-2
B039,CHO-A,Media-3,M3-L03,2,0.60112,2025-04-25,Operator-3
B040,CHO-A,Media-1,M1-L04,5,0.78559,2025-04-28,Operator-4
B041,CHO-A,Media-2,M2-L01,2,0.55482,2025-05-01,Operator-1
B042,CHO-A,Media-3,M3-L02,5,0.61731,2025-05-04,Operator-2
B043,CHO-A,Media-1,M1-L03,2,0.62085,2025-05-07,Operator-3
B044,CHO-A,Media-2,M2-L04,5,0.6037,2025-05-10,Operator-4
B045,CHO-A,Media-3,M3-L01,2,0.40149,2025-05-13,Operator-1
B046,CHO-A,Media-1,M1-L02,5,0.7176,2025-05-16,Operator-2
B047,CHO-A,Media-2,M2-L03,2,0.49899,2025-05-19,Operator-3
B048,CHO-A,Media-3,M3-L04,5,0.53075,2025-05-22,Operator-4
B049,CHO-A,Media-1,M1-L01,2,0.62019,2025-05-25,Operator-1
B050,CHO-A,Media-2,M2-L02,5,0.69755,2025-05-28,Operator-2
B051,CHO-A,Media-3,M3-L03,2,0.543,2025-05-31,Operator-3
B052,CHO-A,Media-1,M1-L04,5,0.67169,2025-06-03,Operator-4
B053,CHO-A,Media-2,M2-L01,2,0.79902,2025-06-06,Operator-1
B054,CHO-A,Media-3,M3-L02,5,0.67811,2025-06-09,Operator-2
B055,CHO-A,Media-1,M1-L03,2,0.45139,2025-06-12,Operator-3
B056,CHO-A,Media-2,M2-L04,5,0.51933,2025-06-15,Operator-4
B057,CHO-A,Media-3,M3-L01,2,0.68343,2025-06-18,Operator-1
B058,CHO-A,Media-1,M1-L02,5,0.67019,2025-06-21,Operator-2
B059,CHO-A,Media-2,M2-L03,2,0.4859,2025-06-24,Operator-3
B060,CHO-A,Media-3,M3-L04,5,0.44657,2025-06-27,Operator-4
